<?xml version="1.0" encoding="UTF-8"?>
<blueprint xmlns="http://www.osgi.org/xmlns/blueprint/v1.0.0"
       xmlns:xsi="http://www.w3.org/2001/XMLSchema-instance"
       xsi:schemaLocation="
       http://www.osgi.org/xmlns/blueprint/v1.0.0 http://www.osgi.org/xmlns/blueprint/v1.0.0/blueprint.xsd
       http://camel.apache.org/schema/blueprint http://camel.apache.org/schema/blueprint/camel-blueprint.xsd">


  <bean id="redeliveryPolicy" class="org.apache.activemq.RedeliveryPolicy">
  	<property name="maximumRedeliveries" value="-1"/>
  	<property name="useExponentialBackOff" value="true"/>
  	<property name="backOffMultiplier" value="2"/>
  	<property name="maximumRedeliveryDelay" value="60000"/>
  </bean>
  
  <bean id="amqConnectionFactory" class="org.apache.activemq.ActiveMQConnectionFactory">
  	<property name="brokerURL" value="tcp://localhost:61616"/>
  	<property name="userName" value="admin"/>
  	<property name="password" value="admin"/>
  	<property name="redeliveryPolicy" ref="redeliveryPolicy"/>
  </bean>
  
  <bean id="amqPooledConnectionFactory" class="org.apache.activemq.pool.PooledConnectionFactory" init-method="start" destroy-method="stop">
  	<property name="connectionFactory" ref="amqConnectionFactory"/>
  </bean>
  
  <bean id="amqtxConfig" class="org.apache.camel.component.jms.JmsConfiguration">
  	<property name="connectionFactory" ref="amqPooledConnectionFactory"/>
  	<property name="transacted" value="true"/>
  </bean>
  
  <bean id="amqtx" class="org.apache.camel.component.jms.JmsComponent">
  	<property name="configuration" ref="amqtxConfig"/>
  </bean>
  
  <bean id="randomExceptionBean" class="ai.demos.jms.localtransactions.ExceptionBean">
  </bean>

  <camelContext xmlns="http://camel.apache.org/schema/blueprint">
  
    <!-- Dummy route to get a message to the queue -->
    <route id="PrimerRoute">
    	<from uri="file:input"/>
    	<to uri="amqtx:queue:continuousfeed"/>
    </route>
    
    <route id="LocalTransactionJMSRoute">
      <from uri="amqtx:queue:continuousfeed"/>
      <log message="redelivery count: ${in.headers.JMSXDeliveryCount}"/>
      <to uri="bean:randomExceptionBean"/>
      <to uri="file:output"/>
    </route>
    
  </camelContext>

</blueprint>
