<?xml version="1.0" encoding="UTF-8"?>
<features>
    <feature name="framework" version="${project.version}">
        <feature version="${ibm.client.version}">ibm-wmq</feature>
        <feature>activemq-client</feature>
        <bundle>wrap:mvn:org.apache.commons/commons-lang3/${apache.commons.version}</bundle>
        <bundle>mvn:org.apache.servicemix.bundles/org.apache.servicemix.bundles.bcel/5.2_4</bundle>
        <bundle>mvn:org.apache.servicemix.bundles/org.apache.servicemix.bundles.xalan/2.7.2_2</bundle>
        <bundle>wrap:mvn:com.oracle/aqapi/11.2.0.3.0</bundle>
        <bundle>mvn:${project.groupId}/framework/${project.version}</bundle>
    </feature>
</features>
