<?xml version="1.0" encoding="UTF-8"?>
<blueprint xmlns="http://www.osgi.org/xmlns/blueprint/v1.0.0"
       xmlns:xsi="http://www.w3.org/2001/XMLSchema-instance"
       xsi:schemaLocation="
       http://www.osgi.org/xmlns/blueprint/v1.0.0 http://www.osgi.org/xmlns/blueprint/v1.0.0/blueprint.xsd
       http://camel.apache.org/schema/blueprint http://camel.apache.org/schema/blueprint/camel-blueprint.xsd">

  <bean id="helloBean" class="ai.demos.contfeed.HelloBean">
      <property name="say" value="Camel Says Hello World!!"/>
  </bean>

  <camelContext id="CFeed-CI-Test_CC" xmlns="http://camel.apache.org/schema/blueprint">
    <route trace="true" id="ContFeedDemo-CI-TEST">
      <from uri="timer:foo?period=900000"/>
	  <log message="Calling helloBean every 15 minutes"/>
      <setBody>
          <method ref="helloBean" method="hello"/>
      </setBody>
      <log message="helloBean: ${body}"/>
      <!--to uri="file:apps/ci/processed"/-->
      <to uri="mock:result"/>
    </route>
   </camelContext>

</blueprint>
