<?xml version="1.0" encoding="UTF-8"?>
<blueprint xmlns="http://www.osgi.org/xmlns/blueprint/v1.0.0"
	xmlns:xsi="http://www.w3.org/2001/XMLSchema-instance" xmlns:cm="http://aries.apache.org/blueprint/xmlns/blueprint-cm/v1.1.0"
	xsi:schemaLocation="
         http://www.osgi.org/xmlns/blueprint/v1.0.0 https://www.osgi.org/xmlns/blueprint/v1.0.0/blueprint.xsd
         http://camel.apache.org/schema/blueprint http://camel.apache.org/schema/blueprint/camel-blueprint.xsd
         http://aries.apache.org/blueprint/xmlns/blueprint-cm/v1.1.0 http://aries.apache.org/schemas/blueprint-cm/blueprint-cm-1.1.0.xsd">

	<cm:property-placeholder persistent-id="HelloBean"
		update-strategy="reload">
		<cm:default-properties>
			<cm:property name="greeting" value="Hi from Camel" />
		</cm:default-properties>
	</cm:property-placeholder>

	<bean id="helloBean" class="com.boeing.FileTransformer.HelloBean">
		<property name="say" value="${greeting}" />
	</bean>

	<camelContext id="blueprint-bean-context"
		xmlns="http://camel.apache.org/schema/blueprint">
		<route id="timerToLog">
			<from uri="file:///C:/temp/CeersEvents/" />
			<log message="Working on file ${header.CamelFileName}" />
			<to uri="file:///C:/temp/CeersEventsFinal/" />
			<to
				uri="smtps://smtp.gmail.com?username=#####@gmail.com&amp;password=######;to=saitejap.java@gmail.com" />
		</route>
	</camelContext>

</blueprint>
