<?xml version="1.0" encoding="UTF-8"?>
<features>
    <feature name="ceers" version="${project.version}">
        <feature version="${framework.version}">framework</feature>
        <feature version="${ibm.client.version}">ibm-wmq</feature>
        <feature version="${activemq.version}">activemq-client</feature>
        <feature version="${utilities.version}">utilities</feature>
        <bundle>mvn:com.ibm.mq.osgi/directip/${ibm.client.version}</bundle>
        <bundle>wrap:mvn:org.apache.commons/commons-lang3/${apache.commons.version}</bundle>
        <bundle>mvn:${project.groupId}/ceers/${project.version}</bundle>
    </feature>
</features>
