<?xml version="1.0" encoding="UTF-8" ?>
<blueprint xmlns="http://www.osgi.org/xmlns/blueprint/v1.0.0"
	xmlns:xsi="http://www.w3.org/2001/XMLSchema-instance" xmlns:cm="http://aries.apache.org/blueprint/xmlns/blueprint-cm/v1.0.0"
	xsi:schemaLocation="http://www.osgi.org/xmlns/blueprint/v1.0.0 http://www.osgi.org/xmlns/blueprint/v1.0.0/blueprint.xsd">

	<cm:property-placeholder persistent-id="bca.credit.properties">
		<cm:default-properties>


		</cm:default-properties>
	</cm:property-placeholder>



	<bean id="exceptionProcessor" class="com.boeing.ai.bca.processors.ExceptionProcessor" />
	<camelContext id="blueprint-bean-context"
		xmlns="http://camel.apache.org/schema/blueprint">
		<onException>
			<exception>java.lang.Throwable</exception>
			<redeliveryPolicy maximumRedeliveries="0" />
			<handled>
				<constant>true</constant>
			</handled>
			<process ref="exceptionProcessor" />
		</onException>
		<route id="timerToLog">
			<from uri="file:///C:/temp/CeersEvents/" />
			<to
				uri="ceers://?eventType=audit&amp;applicationName=BCA_CREDIT_FEEDS&amp;messageName=FILE_DROP&amp;dataSensitivity=NONE&amp;transferType=SEND&amp;alternateLogFilePath=C:%5Ctemp%5CCeersEvents&amp;globalTxId=d0991d76-81b1-4703-b908-1e05826285f1" />
			<log message="Working on file ${header.CamelFileName}" />
			<to uri="file:///C:/temp/CeersEventsFinal/" />
			<to
				uri="ceers://?eventType=audit&amp;applicationName=BCA_CREDIT_FEEDS&amp;messageName=FILE_DROP&amp;dataSensitivity=NONE&amp;transferType=SEND&amp;alternateLogFilePath=C:%5Ctemp%5CCeersEvents&amp;globalTxId=d0991d76-81b1-4703-b908-1e05826285f1" />

		</route>
	</camelContext>

</blueprint>
