<blueprint xmlns="http://www.osgi.org/xmlns/blueprint/v1.0.0"
    xmlns:cm="http://aries.apache.org/blueprint/xmlns/blueprint-cm/v1.0.0">

  <cm:property-placeholder persistent-id="datasource.properties"/>

  <reference id="platformTxManager" interface="org.springframework.transaction.PlatformTransactionManager" availability="mandatory"/>
  <reference id="transactionManager" interface="javax.transaction.TransactionManager" />
  <reference id="recoverableTxManager" interface="org.apache.geronimo.transaction.manager.RecoverableTransactionManager" availability="mandatory" />

  <bean id="ordered-delivery-ds" class="oracle.jdbc.xa.client.OracleXADataSource" >
    <property name="URL" value="${orderedDeliveryDatabaseURL}" />
    <property name="user" value="${orderedDeliveryDatabaseUser}"/>
    <property name="password" value="${orderedDeliveryDatabasePassword}"/>
  </bean>

  <service interface="javax.sql.XADataSource" ref="ordered-delivery-ds">
    <service-properties>
      <entry key="osgi.jndi.service.name" value="jdbc/oracledb"/>
      <entry key="datasource.name" value="OrderedDeliveryDS"/>
      <entry key="aries.xa.pooling" value="false"/>

      <!--<entry key="aries.xa.pooling" value="true" />
      <entry key="aries.xa.poolMinSize" value="0" />
      <entry key="aries.xa.poolMaxSize" value="5" />-->
      <entry key="aries.xa.name" value="OrderedDeliveryDS" />
      <entry key="aries.xa.exceptionSorter" value="known" />
    </service-properties>
  </service>


  <bean id="scm-ds" class="oracle.jdbc.xa.client.OracleXADataSource" >
 
    <property name="URL" value="${ds.scm.url}"/>

    <property name="user" value="${ds.scm.user}"/>
    <property name="password" value="${ds.scm.pwd}"/>
  </bean>

  <service interface="javax.sql.XADataSource" ref="scm-ds">
    <service-properties>
      <entry key="osgi.jndi.service.name" value="jdbc/oracledb"/>
      <entry key="datasource.name" value="scm"/>
      <entry key="aries.xa.pooling" value="false"/>

      <!--<entry key="aries.xa.pooling" value="true" />
      <entry key="aries.xa.poolMinSize" value="0" />
      <entry key="aries.xa.poolMaxSize" value="5" />-->
      <entry key="aries.xa.name" value="scm" />
      <entry key="aries.xa.exceptionSorter" value="known" />
    </service-properties>
  </service>


</blueprint>
