<?xml version="1.0" encoding="UTF-8"?>
<!--
Copyright (c) Red Hat, Inc.

Red Hat licenses this file to you under the Apache License, version
2.0 (the "License"); you may not use this file except in compliance
with the License. You may obtain a copy of the License at

http://www.apache.org/licenses/LICENSE-2.0

Unless required by applicable law or agreed to in writing, software
distributed under the License is distributed on an "AS IS" BASIS,
WITHOUT WARRANTIES OR CONDITIONS OF ANY KIND, either express or
implied. See the License for the specific language governing
permissions and limitations under the License.
-->
<features>
    <feature name="datasource" version="${project.version}">
        <!-- The Aries transaction wrapper bundle is not installed by default.
             To take advantage of the datasource wrapping functionality,
             you must explicitly install the connector feature, as follows:
             JBossFuse:karaf@root> features:install connector
             or add to the list of features -->
        <feature>connector</feature>
        <bundle>mvn:org.apache.aries.transaction/org.apache.aries.transaction.jdbc/${apache.aries.version}</bundle>
        <bundle>mvn:org.apache.geronimo.specs/geronimo-j2ee-connector_1.5_spec/${geronimo-j2ee-connector.version}</bundle>
        <!-- JDBC driver classes -->
		<bundle>wrap:mvn:com.oracle/jdbc/${oracle.version}</bundle>
		<bundle>mvn:${project.groupId}/datasource/${project.version}</bundle>
    </feature>
</features>
