<?xml version="1.0" encoding="UTF-8" ?>
<blueprint xmlns="http://www.osgi.org/xmlns/blueprint/v1.0.0"
           xmlns:xsi="http://www.w3.org/2001/XMLSchema-instance"
           xsi:schemaLocation=" http://www.osgi.org/xmlns/blueprint/v1.0.0 http://www.osgi.org/xmlns/blueprint/v1.0.0/blueprint.xsd http://camel.apache.org/schema/blueprint http://camel.apache.org/schema/blueprint/camel-blueprint.xsd">
 
  <bean id="logInfoBean" class="com.boeing.ai.ceers_route_tester.LogInfoBean" />
  <bean id="exceptionProcessor" class="com.boeing.ai.ceers_route_tester.processors.ExceptionProcessor" />
 
  <camelContext id="CeersRouteTesterCamelContext" xmlns="http://camel.apache.org/schema/blueprint">
    <onException>
      <exception>java.lang.Throwable</exception>
      <redeliveryPolicy maximumRedeliveries="0" />
      <handled>
        <constant>true</constant>
      </handled>
      <process ref="exceptionProcessor" />
    </onException>
    <route id="ceersRouteTesterRoute">
      <from uri="timer:foo?period=20000" />
      <setBody>
        <method ref="logInfoBean" method="loginfo" />
      </setBody>

      <!-- Send CEERS Audit Event Message. 
           Remove alternateLogFilePath argument to send to CEERS instead of local folder
       -->
      <to uri="ceers://?eventType=audit&amp;applicationName=CEERS_ROUTE_TESTER&amp;messageName=URI_MESSAGE&amp;dataSensitivity=NONE&amp;transferType=SEND&amp;alternateLogFilePath=C:%5Ctemp%5CCeersEvents" />
      <log message="Created ${body}" />

      <!-- Auto-generated CEERS EventId is reported back in an Exchange Property -->
      <log message="CEERS EventID : ${property.CeersEventId}" />
      <to uri="mock:result" />
    </route>
  </camelContext>
</blueprint>
