<?xml version="1.0" encoding="UTF-8"?>
<blueprint xmlns="http://www.osgi.org/xmlns/blueprint/v1.0.0"
       xmlns:camel="http://camel.apache.org/schema/blueprint"
       xmlns:cm="http://aries.apache.org/blueprint/xmlns/blueprint-cm/v1.0.0"
       
       xmlns:xsi="http://www.w3.org/2001/XMLSchema-instance"
       xsi:schemaLocation="http://www.osgi.org/xmlns/blueprint/v1.0.0 http://www.osgi.org/xmlns/blueprint/v1.0.0/blueprint.xsd
       http://camel.apache.org/schema/blueprint http://camel.apache.org/schema/blueprint/camel-blueprint.xsd">

    
    
    <!-- Read properties from file com.boeing.ai.demos.ivtSeriesFileCBR -->
	<cm:property-placeholder persistent-id="com.boeing.ai.demos.ivtSeriesFileCBR.driver">
		<cm:default-properties>
			<cm:property name="driverSchedule" value="cron=0+15/10+7-16+?+*+MON-SUN" />
			<cm:property name="cleanerSchedule" value="cron=0+0+*+?+*+MON-SUN" />
			<cm:property name="customersOrdersProcess" value="vm:customersOrdersProcess" />
		</cm:default-properties>
	</cm:property-placeholder>
    
    
    <bean id="ivtTestDriverBean" class="com.boeing.demos.ivtSeriesFileCBR.FileCBRBean"> 
	</bean>
	
	<bean id="quartz2" class="org.apache.camel.component.quartz2.QuartzComponent">
		<property name="propertiesFile" value="ivtSeriesFileCBR.properties"/> 
	</bean>
	
	
  <camelContext trace="false" id="ivtSeriesFileCBRDriver-cc" xmlns="http://camel.apache.org/schema/blueprint">
  <route id="ivtSeriesFileCBRDriver">
    <from uri="quartz2:ivtSeries/fileCBRDriver?{{driverSchedule}}"/>
    <log message="Driver Started With Schedule:{{driverSchedule}}"/>
    
    <setBody>
      <method ref="ivtTestDriverBean" method="loadCustomersOrders"></method>
    </setBody>
    <log message="Sending to customersOrdersProcess"/>
    <to uri="{{customersOrdersProcess}}"/>
  </route>
  
  <route id="ivtSeriesFileCBRCleanUp">
  <from uri="quartz2:ivtSeries/fileCBRCleanup?{{cleanerSchedule}}"/>
    <log message="Cleanup Started With Schedule:{{cleanerSchedule}}"/>
    <setBody>
      <method ref="ivtTestDriverBean" method="hello"></method>
    </setBody>
    <log message="Cleanup completed"/>
    <to uri="mock:forget"/>
  </route>
</camelContext>

</blueprint>
