<?xml version="1.0" encoding="UTF-8"?>
<blueprint xmlns="http://www.osgi.org/xmlns/blueprint/v1.0.0"
       xmlns:camel="http://camel.apache.org/schema/blueprint"
       xmlns:cm="http://aries.apache.org/blueprint/xmlns/blueprint-cm/v1.0.0"
      
       xmlns:xsi="http://www.w3.org/2001/XMLSchema-instance"
       xsi:schemaLocation="http://www.osgi.org/xmlns/blueprint/v1.0.0 http://www.osgi.org/xmlns/blueprint/v1.0.0/blueprint.xsd
       http://camel.apache.org/schema/blueprint http://camel.apache.org/schema/blueprint/camel-blueprint.xsd">

  <camelContext trace="false" id="ordersProcess-cc" xmlns="http://camel.apache.org/schema/blueprint">
  <route id="ordersProcess">
    <from uri="vm:ordersProcess"/>
    
     <setHeader headerName="totalOrders">
        <xpath resultType="java.lang.String">count(/CustomerOrders/Orders/Order)</xpath>
      </setHeader>
      
    <log message="ordersProcess Start: ${header.totalOrders} orders to Process"/>
    <split>
      <xpath>CustomerOrders/Orders/Order</xpath>
      <setHeader headerName="ID">
        <xpath>/Order/ID</xpath>
      </setHeader>
      <setHeader headerName="Country">
        <xpath>/Order/Country</xpath>
      </setHeader>
      <choice>
        <when>
          <xpath>Order/Country = 'United States'</xpath>
          <log message="ID: ${header.ID} Country: ${header.Country} - Sending to America Process"/>
          <to uri="mock:americas"/>
        </when>
        <when>
          <xpath>Order/Country = 'Canada'</xpath>
          <log message="ID: ${header.ID} Country: ${header.Country} - Sending to America Process"/>
          <to uri="mock:americas"/>
        </when>
        <when>
          <xpath>Order/Country = 'United Kingdom'</xpath>
          <log message="ID: ${header.ID} Country: ${header.Country} - Sending to Europe Process"/>
          <to uri="mock:europeProcess"/>
        </when>
        <otherwise>
          <log message="ID: ${header.ID} Country: ${header.Country} - Sending to 'Unsupported Country' Process"/>
          <to uri="mock:unsupportedcountry"/>
        </otherwise>
      </choice>
    </split>
  </route>
</camelContext>

</blueprint>
