<?xml version="1.0" encoding="UTF-8" standalone="no"?>
<wsdl:definitions xmlns:soap="http://schemas.xmlsoap.org/wsdl/soap/"
	xmlns:wsdl="http://schemas.xmlsoap.org/wsdl/" xmlns:xsd="http://www.w3.org/2001/XMLSchema"
	xmlns:tns="http://www.boeing.com/soa/sit/v1/wsdl" targetNamespace="http://www.boeing.com/soa/sit/v1/wsdl"
	xmlns:tns1="http://www.boeing.com/soa/sit" name="ServiceInvocationTracker_v1_0">

	<wsdl:types>
		<xsd:schema targetNamespace="http://www.boeing.com/soa/sit/v1/wsdl">
			<xsd:import namespace="http://www.boeing.com/soa/sit"
				schemaLocation="ServiceInvocationTracker_v1_0.xsd" />
		</xsd:schema>
	</wsdl:types>

	<wsdl:message name="ServiceTrackingRequest">
		<wsdl:part element="tns1:ServiceInvocationRequest" name="reqParameters" />
	</wsdl:message>
	<wsdl:message name="ServiceTrackingResponse">
		<wsdl:part element="tns1:ServiceInvocationResponse" name="resParameters" />
	</wsdl:message>

	<wsdl:portType name="ServiceInvocationTrackerPortType">
		<wsdl:operation name="TrackServiceInvocation">
			<wsdl:input message="tns:ServiceTrackingRequest" />
			<wsdl:output message="tns:ServiceTrackingResponse" />
		</wsdl:operation>
	</wsdl:portType>

	<wsdl:binding name="ServiceInvocationTrackerBinding" type="tns:ServiceInvocationTrackerPortType">
		<soap:binding style="document"
			transport="http://schemas.xmlsoap.org/soap/http" />
		<wsdl:operation name="TrackServiceInvocation">
			<soap:operation soapAction="" />
			<wsdl:input>
				<soap:body use="literal" />
			</wsdl:input>
			<wsdl:output>
				<soap:body use="literal" />
			</wsdl:output>
		</wsdl:operation>
	</wsdl:binding>

	<wsdl:service name="ServiceInvocationTracker">
		<wsdl:port binding="tns:ServiceInvocationTrackerBinding"
			name="ServiceInvocationTracker">
			<soap:address location="http://localhost:9191/ServiceInvocationTracker" />
		</wsdl:port>
	</wsdl:service>
</wsdl:definitions>
