<?xml version="1.0" encoding="UTF-8"?>
<blueprint xmlns="http://www.osgi.org/xmlns/blueprint/v1.0.0"
    xmlns:camel="http://camel.apache.org/schema/blueprint"
    xmlns:cm="http://aries.apache.org/blueprint/xmlns/blueprint-cm/v1.0.0"
    xmlns:xsi="http://www.w3.org/2001/XMLSchema-instance" xsi:schemaLocation="http://www.osgi.org/xmlns/blueprint/v1.0.0 https://www.osgi.org/xmlns/blueprint/v1.0.0/blueprint.xsd        http://camel.apache.org/schema/blueprint http://camel.apache.org/schema/blueprint/camel-blueprint.xsd">
    <cm:property-placeholder
        id="property-placeholder-cc9f2e0a-2900-45e6-af22-b79584acda77" persistent-id="bca.credit.properties">
        <cm:default-properties>
            <cm:property name="bca.consumer.endpoint.uri" value="C:\temp\bca_consumer"/>
            <cm:property name="bca.consumer.endpoint.delay" value="60000"/>
            <cm:property name="bca.consumer.endpoint.move" value=".done"/>
            <cm:property name="bca.consumer.endpoint.moveFailed" value=".failed"/>
            <cm:property name="bca.consumer.endpoint.include" value=".*.xml"/>
            <cm:property name="bca.consumer.endpoint.readLock" value="markerFile"/>
            <cm:property name="bca.consumer.endpoint.maxMessagesPerPoll" value="100"/>
            <cm:property name="bca.producer.endpoint.uri" value="C:\temp\bca_producer"/>
            <cm:property name="bca.producer.endpoint.fileExist" value="Fail"/>
            <cm:property name="bca.producer.endpoint.chmod" value="777"/>
        </cm:default-properties>
    </cm:property-placeholder>
    <bean class="com.boeing.ai.bca.processors.ExceptionProcessor" id="exceptionProcessor"/>
    <camelContext id="camelContext-0d50f6d6-adc8-456c-b377-af5f3da683d7"
        trace="false" xmlns="http://camel.apache.org/schema/blueprint">
        <onException>
            <exception>java.lang.Throwable</exception>
            <redeliveryPolicy maximumRedeliveries="0"/>
            <handled>
                <constant>true</constant>
            </handled>
            <process ref="exceptionProcessor"/>
        </onException>
        <route id="FileTOFile">
            <from id="fileconsumer" uri="file:///{{bca.consumer.endpoint.uri}}?delay=60000&amp;move={{bca.consumer.endpoint.move}}&amp;moveFailed={{bca.consumer.endpoint.moveFailed}}&amp;include={{bca.consumer.endpoint.include}}&amp;readLock={{bca.consumer.endpoint.readLock}}&amp;maxMessagesPerPoll=100"/>
            <!--  <to id="_to1" uri="ceers://?eventType=audit&amp;applicationName=BCA_CREDIT_FEEDS&amp;messageName=FILE_DROP&amp;dataSensitivity=NONE&amp;transferType=SEND&amp;alternateLogFilePath=C:%5Ctemp%5CCeersEvents&amp;globalTxId=d0991d76-81b1-4703-b908-1e05826285f1"/>-->
            <log id="_log1" message="Working on file ${header.CamelFileName}"/>
            <to id="fileproducer" uri="file:///{{bca.producer.endpoint.uri}}?fileExist={{bca.producer.endpoint.fileExist}}&amp;chmod={{bca.producer.endpoint.chmod}}"/>
            <!--  <to id="_to2" uri="ceers://?eventType=audit&amp;applicationName=BCA_CREDIT_FEEDS&amp;messageName=FILE_DROP&amp;dataSensitivity=NONE&amp;transferType=SEND&amp;alternateLogFilePath=C:%5Ctemp%5CCeersEvents&amp;globalTxId=d0991d76-81b1-4703-b908-1e05826285f1"/>-->
        </route>
    </camelContext>
</blueprint>
