<?xml version="1.0" encoding="UTF-8" ?>
<blueprint xmlns="http://www.osgi.org/xmlns/blueprint/v1.0.0"
	xmlns:xsi="http://www.w3.org/2001/XMLSchema-instance" xmlns:cm="http://aries.apache.org/blueprint/xmlns/blueprint-cm/v1.0.0"
	xsi:schemaLocation="http://www.osgi.org/xmlns/blueprint/v1.0.0 http://www.osgi.org/xmlns/blueprint/v1.0.0/blueprint.xsd">

	<cm:property-placeholder persistent-id="ceers.properties">
		<cm:default-properties>
			<cm:property name="ceers.amq.brokerUrl"
				value="vm://localhost?broker.persistent=false" /><!-- Tcp://localhost:61617 -->
			<cm:property name="ceers.amq.brokerName" value="activemq.default" />
			<cm:property name="ceers.amq.username" value="admin" />
			<cm:property name="ceers.amq.password" value="admin" />
			<cm:property name="ceers.amq.maxConcurrentConsumers"
				value="5" />
			<cm:property name="ceers.wmq.hostName" value="a2asw03.cs.boeing.com" />
			<cm:property name="ceers.wmq.port" value="1419" />
			<cm:property name="ceers.wmq.queueManager" value="PRAC" />
			<cm:property name="ceers.wmq.channel" value="SYSTEM.ADMIN.SVRCONN" />
			<cm:property name="ceers.wmq.transportType" value="1" />
			<cm:property name="ceers.wmq.maxConcurrentConsumers"
				value="5" />
			<cm:property name="ceers.wmq.connectionFactoryMaxConnections"
				value="5" />
			<cm:property name="ceers.alternate.local.endpoint" value="activemq:queue:localAlternateQueue" />
			<cm:property name="ceers.alternate.local.xa.endpoint"
				value="amqxa:queue:localAlternateQueue" />
			<cm:property name="ceers.audit.local.endpoint" value="activemq:queue:localAuditQueue" />
			<cm:property name="ceers.audit.local.xa.endpoint" value="amqxa:queue:localAuditQueue" />
			<cm:property name="ceers.audit.remote.xa.endpoint" value="wmqxa:CEERS.EVENT_v1_0" />
			<cm:property name="ceers.notification.local.endpoint"
				value="activemq:queue:localNotificationQueue" />
			<cm:property name="ceers.notification.local.xa.endpoint"
				value="amqxa:queue:localNotificationQueue" />
			<cm:property name="ceers.notification.remote.xa.endpoint"
				value="wmqxa:CEERS.EVENT_v1_0" />
			<cm:property name="ceers.state.local.endpoint" value="activemq:queue:localStateQueue" />
			<cm:property name="ceers.state.local.xa.endpoint" value="amqxa:queue:localStateQueue" />
			<cm:property name="ceers.state.remote.xa.endpoint" value="wmqxa:CEERS.EVENT_v1_0" />
			<cm:property name="ceers.environmentname" value="BTS AI DEV" />
			<cm:property name="ceers.resubmitservice" value="BTS" />
		</cm:default-properties>
	</cm:property-placeholder>


	<!-- <bean id="ceersTransformerBean" class="com.boeing.ai.common.components.ceers.processors.CeersTransformer"> 
		<property name="environmentname" value="${ceers.environmentname}" /> <property 
		name="resubmitservice" value="${ceers.resubmitservice}" /> </bean> -->

	<bean id="ceersTransformerBean" class="com.boeing.ai.common.ceers.processors.CeersTransformer" />

	<bean id="exceptionProcessor"
		class="com.boeing.ai.common.ceers.processors.ExceptionProcessor" />
	<bean id="marshallerProcessor"
		class="com.boeing.ai.common.ceers.processors.MarshallerProcessor" />

	 <bean id="activemq" class="org.apache.activemq.camel.component.ActiveMQComponent">
    <property name="brokerURL" value="${ceers.amq.brokerUrl}" />
    <property name="userName" value="${ceers.amq.username}" />
    <property name="password" value="${ceers.amq.password}" />
  </bean>

  <reference id="platformTxManager" interface="org.springframework.transaction.PlatformTransactionManager" availability="mandatory" />
  <reference id="transactionManager" interface="javax.transaction.TransactionManager" />
  <reference id="recoverableTxManager" interface="org.apache.geronimo.transaction.manager.RecoverableTransactionManager" availability="mandatory" />

  <bean id="requiredJta" class="org.apache.camel.spring.spi.SpringTransactionPolicy">
    <property name="transactionManager" ref="platformTxManager" />
    <property name="propagationBehaviorName" value="PROPAGATION_REQUIRED" />
  </bean>
  <bean id="amqxa" class="org.apache.camel.component.jms.JmsComponent">
    <property name="configuration" ref="amqConfig" />
  </bean>
  <bean id="amqConfig" class="org.apache.camel.component.jms.JmsConfiguration">
    <property name="connectionFactory" ref="xaPooledCF" />
    <property name="transacted" value="false" />
    <property name="transactionManager" ref="platformTxManager" />
    <property name="maxConcurrentConsumers" value="${ceers.amq.maxConcurrentConsumers}" />
    <property name="cacheLevelName" value="CACHE_CONNECTION" />
  </bean>
  <bean id="xaPooledCF" class="org.apache.activemq.pool.JcaPooledConnectionFactory" init-method="start" destroy-method="stop">
    <property name="name" value="${ceers.amq.brokerName}" />
    <property name="maxConnections" value="5" />
    <property name="connectionFactory" ref="amqXaCF" />
    <property name="transactionManager" ref="transactionManager" />
  </bean>
  <bean id="amqXaCF" class="org.apache.activemq.ActiveMQXAConnectionFactory">
    <property name="brokerURL" value="failover:(${ceers.amq.brokerUrl})?jms.prefetchPolicy.all=1" />
    <property name="userName" value="${ceers.amq.username}" />
    <property name="password" value="${ceers.amq.password}" />
  </bean>
  <bean id="wmqxa" class="org.apache.camel.component.jms.JmsComponent">
    <property name="configuration" ref="wmqConfig" />
  </bean>
  <bean id="wmqConfig" class="org.apache.camel.component.jms.JmsConfiguration">
    <property name="connectionFactory" ref="fuseWmqXaConnectionFactory" />
    <property name="transacted" value="false" />
    <property name="transactionManager" ref="platformTxManager" />
    <property name="maxConcurrentConsumers" value="${ceers.wmq.maxConcurrentConsumers}" />
    <property name="cacheLevelName" value="CACHE_CONNECTION" />
  </bean>
  <bean id="fuseWmqXaConnectionFactory" class="org.apache.activemq.jms.pool.JcaPooledConnectionFactory">
    <property name="connectionFactory" ref="wmq-CF-Wrapper" />
    <property name="transactionManager" ref="transactionManager" />
    <property name="maxConnections" value="${ceers.wmq.connectionFactoryMaxConnections}" />
    <property name="name" value="ibm-wmq" />
  </bean>
  <bean id="wmqConnectionFactory" class="com.ibm.mq.jms.MQXAConnectionFactory">
    <property name="hostName" value="${ceers.wmq.hostName}" />
    <property name="port" value="${ceers.wmq.port}" />
    <property name="queueManager" value="${ceers.wmq.queueManager}" />
    <property name="channel" value="${ceers.wmq.channel}" />
    <property name="transportType" value="${ceers.wmq.transportType}" />
  </bean>
  <bean id="wmq-CF-Wrapper" class="com.boeing.ai.common.ceers.adapter.UserCredentialsConnectionFactoryAdapterXA">
    <property name="targetConnectionFactory" ref="wmqConnectionFactory" />
  </bean>


	<camelContext id="CeersCamelContext"
		xmlns="http://camel.apache.org/schema/blueprint">
		<dataFormats>
			<jaxb contextPath="com.boeing.ai.common.ceers.messages"
				prettyPrint="true" id="jaxb" />
			<jaxb contextPath="com.boeing.web.xmlns.ai.ceers.v1"
				prettyPrint="true" id="eventjaxb"  filterNonXmlChars="true"/>
		</dataFormats>

		<onException>
			<exception>java.lang.Throwable</exception>
			<redeliveryPolicy maximumRedeliveries="1" />
			<handled>
				<constant>true</constant>
			</handled>
			<process ref="exceptionProcessor" />
		</onException>

		<route id="ceers-message-router">
			<from uri="direct-vm:ceers" />
			<log message="got ceers message from direct-vm:ceers" />
			<choice>
				<when>
					<xpath>not(string-length((//alternateLogFilePath)[1]) = 0)</xpath>
					<log message="got alternate logging message" />
					<to uri="{{ceers.alternate.local.endpoint}}" />
				</when>
				<when>
					<xpath>//eventType = 'AUDIT'</xpath>
					<log message="got audit message" />
					<to uri="{{ceers.audit.local.endpoint}}" />
				</when>
				<when>
					<xpath>//eventType = 'STATE'</xpath>
					<log message="got state message" />
					<to uri="{{ceers.state.local.endpoint}}" />
				</when>
				<when>
					<xpath>//eventType = 'NOTIFICATION'</xpath>
					<log message="got notification message" />
					<to uri="{{ceers.notification.local.endpoint}}" />
				</when>
				<otherwise>
					<log message="failed to transfer message to appropriate queue" />
				</otherwise>
			</choice>
		</route>
		<route id="ceers-alternate-bridge-route">
			<from uri="{{ceers.alternate.local.xa.endpoint}}" />

			<unmarshal ref="jaxb" />
			<log message="GOT MESSAGE ${body}" loggingLevel="DEBUG" />
			<process ref="ceersTransformerBean" />
			<log message="AFTER CAMEL PROCESSOR ${body}" loggingLevel="INFO" />
		</route>
		<route id="ceers-audit-bridge-route">
			<from uri="{{ceers.audit.local.xa.endpoint}}" />

			<unmarshal ref="jaxb" />
			<log message="GOT MESSAGE ${body}" loggingLevel="INFO" />
			<process ref="ceersTransformerBean" />
			<!-- <marshal ref="eventjaxb" /> -->
			<process ref="marshallerProcessor" />
			<to uri="{{ceers.audit.remote.xa.endpoint}}" />
			<log message="AFTER CAMEL PROCESSOR ${body}" loggingLevel="INFO" />
		</route>
		<route id="ceers-notification-bridge-route">
			<from uri="{{ceers.notification.local.xa.endpoint}}" />

			<unmarshal ref="jaxb" />
			<log message="GOT MESSAGE ${body}" loggingLevel="INFO" />
			<process ref="ceersTransformerBean" />
			<!-- <marshal ref="eventjaxb" /> -->
			<process ref="marshallerProcessor" />
			<to uri="{{ceers.notification.remote.xa.endpoint}}" />
			<log message="AFTER CAMEL PROCESSOR ${body}" loggingLevel="INFO" />
		</route>
		<route id="ceers-state-bridge-route">
			<from uri="{{ceers.state.local.xa.endpoint}}" />

			<unmarshal ref="jaxb" />
			<log message="GOT MESSAGE ${body}" loggingLevel="INFO" />
			<process ref="ceersTransformerBean" />
			<!-- <marshal ref="eventjaxb" /> -->
			<process ref="marshallerProcessor" />
			<to uri="{{ceers.state.remote.xa.endpoint}}" />
			<log message="AFTER CAMEL PROCESSOR ${body}" loggingLevel="INFO" />
		</route>
	</camelContext>
</blueprint>
